{
    "morphTargets":[],
    "vertices":[-0.44874,0.967801,-1.52379,-0.44874,0.338303,-0.894296,-0.44874,0.773275,-1.49298,-0.44874,0.597791,-1.40357,-0.44874,0.458527,-1.2643,-0.44874,0.369113,-1.08882,-0.44874,2.6609,-1.52379,-0.44874,3.28473,-0.899966,-0.44874,2.85368,-1.49326,-0.44874,3.02758,-1.40465,-0.44874,3.16559,-1.26664,-0.44874,3.2542,-1.09274,-0.44874,3.28473,0.878006,-0.44874,2.7401,1.42263,-0.44874,3.25807,1.0463,-0.44874,3.18071,1.19813,-0.44874,3.06023,1.31862,-0.44874,2.9084,1.39598,-0.44874,0.884526,1.42263,-0.44874,0.338303,0.87641,-0.44874,0.715734,1.3959,-0.44874,0.563465,1.31831,-0.44874,0.442623,1.19747,-0.44874,0.365037,1.0452,0.472952,0.967801,-1.52379,0.472952,0.338303,-0.894296,0.472952,0.773275,-1.49298,0.472952,0.597791,-1.40357,0.472952,0.458527,-1.2643,0.472952,0.369113,-1.08882,0.472952,2.6609,-1.52379,0.472952,3.28473,-0.899966,0.472952,2.85368,-1.49326,0.472952,3.02758,-1.40465,0.472952,3.16559,-1.26664,0.472952,3.2542,-1.09274,0.472952,3.28473,0.878006,0.472952,2.7401,1.42263,0.472952,3.25807,1.0463,0.472952,3.18071,1.19813,0.472952,3.06023,1.31862,0.472952,2.9084,1.39598,0.472952,0.884526,1.42263,0.472952,0.338303,0.87641,0.472952,0.715734,1.3959,0.472952,0.563465,1.31831,0.472952,0.442623,1.19747,0.472952,0.365037,1.0452],
    "materials":[{
        "colorEmissive":[0,0,0],
        "blending":"NormalBlending",
        "visible":true,
        "DbgName":"Material.001",
        "mapDiffuseRepeat":[1,1],
        "doubleSided":false,
        "DbgIndex":0,
        "mapDiffuseWrap":["repeat","repeat"],
        "transparent":false,
        "shading":"phong",
        "colorSpecular":[0.5,0.5,0.5],
        "colorDiffuse":[0.64,0.64,0.64],
        "wireframe":false,
        "DbgColor":15658734,
        "depthWrite":true,
        "depthTest":true,
        "opacity":1,
        "mapDiffuse":"fb texture.jpg",
        "mapDiffuseAnisotropy":1,
        "specularCoef":50
    },{
        "colorEmissive":[0,0,0],
        "blending":"NormalBlending",
        "visible":true,
        "DbgName":"Material.003",
        "doubleSided":false,
        "DbgIndex":1,
        "transparent":false,
        "shading":"phong",
        "colorSpecular":[0.5,0.5,0.5],
        "colorDiffuse":[0.0391821,0.105908,0.366999],
        "wireframe":false,
        "DbgColor":15597568,
        "depthWrite":true,
        "depthTest":true,
        "opacity":1,
        "specularCoef":50
    }],
    "metadata":{
        "version":3,
        "type":"Geometry",
        "morphTargets":0,
        "generator":"io_three",
        "vertices":48,
        "uvs":1,
        "normals":51,
        "faces":68,
        "materials":2
    },
    "normals":[-1,0,0,-1,0,0,-1,3.52044e-08,7.53821e-07,-1,2.22309e-07,4.36306e-07,-1,3.21219e-08,9.11958e-07,-1,2.56952e-07,5.04297e-07,-1,4.84893e-08,-6.67397e-08,-1,1.05434e-07,7.66025e-08,-1,0,-0,-1,4.4983e-08,-6.19139e-08,-1,1.21865e-07,8.85397e-08,-1,4.08716e-08,-1.63428e-09,-1,4.86431e-08,-1.56399e-09,-1,4.11285e-08,-2.25838e-08,-1,4.21903e-08,-2.80933e-09,1,0,0,1,0,0,1,-2.56952e-07,-5.04297e-07,1,-3.21219e-08,-9.11958e-07,1,0,-0,1,-2.22309e-07,-4.36306e-07,1,-3.52044e-08,-7.53821e-07,1,-4.60765e-08,1.44712e-07,1,-4.89815e-08,9.7142e-08,1,-5.10167e-08,-5.16249e-09,1,-5.13601e-08,3.73153e-08,1,-4.47193e-08,1.88405e-09,0,-0.987688,0.156434,0,-0.987688,-0.156434,0,0.453991,0.891006,0,0.707107,-0.707107,-0,-1,0,0,-0.891007,-0.45399,0,0.156434,0.987688,0,0.891006,-0.453992,0,-0.707107,-0.707106,0,0,1,0,0.987688,-0.156435,0,-0.453991,-0.891006,0,-0.156435,0.987688,0,1,0,0,-0.156434,-0.987688,0,-0.45399,0.891007,0,0.987688,0.156436,-0,0,-1,0,-0.707107,0.707107,0,0.891007,0.45399,0,0.156434,-0.987688,0,-0.891007,0.45399,0,0.707107,0.707106,0,0.453991,-0.891006],
    "faces":[42,14,12,7,0,23,0,1,0,0,0,42,7,11,10,0,1,2,3,0,0,0,42,10,9,8,0,3,4,5,1,1,1,42,8,6,0,0,5,6,7,2,2,2,42,0,2,3,0,7,8,9,3,3,3,42,3,4,5,0,9,10,11,0,0,0,42,5,1,19,0,11,12,13,1,1,1,42,19,23,22,0,13,14,15,0,0,0,42,22,21,20,0,15,16,17,0,0,0,42,20,18,13,0,17,18,19,4,4,4,42,13,17,16,0,19,20,21,5,5,5,42,16,15,14,0,21,22,23,1,1,1,42,14,7,10,0,23,1,3,0,0,0,42,10,8,0,0,3,5,7,6,6,6,42,0,3,5,0,7,9,11,7,7,7,42,5,19,22,0,11,13,15,8,8,8,42,22,20,13,0,15,17,19,9,9,9,42,13,16,14,0,19,21,23,10,10,10,42,14,10,0,0,23,3,7,11,11,11,42,0,5,22,0,7,11,15,12,12,12,42,22,13,14,0,15,19,23,13,13,13,42,0,22,14,0,7,15,23,14,14,14,42,31,36,38,0,47,24,25,15,15,15,42,38,39,40,0,25,26,27,16,16,16,42,40,41,37,0,27,28,29,17,17,17,42,37,42,44,0,29,30,31,18,18,18,42,44,45,46,0,31,32,33,15,15,15,42,46,47,43,0,33,34,35,15,15,15,42,43,25,29,0,35,36,37,19,19,19,42,29,28,27,0,37,38,39,15,15,15,42,27,26,24,0,39,40,41,20,20,20,42,24,30,32,0,41,42,43,21,21,21,42,32,33,34,0,43,44,45,16,16,16,42,34,35,31,0,45,46,47,15,15,15,42,31,38,40,0,47,25,27,16,16,16,42,40,37,44,0,27,29,31,22,22,22,42,44,46,43,0,31,33,35,15,15,15,42,43,29,27,0,35,37,39,15,15,15,42,27,24,32,0,39,41,43,23,23,23,42,32,34,31,0,43,45,47,15,15,15,42,31,40,44,0,47,27,31,24,24,24,42,44,43,27,0,31,35,39,19,19,19,42,27,32,31,0,39,43,47,25,25,25,42,44,27,31,0,31,39,47,26,26,26,43,23,19,43,47,1,48,49,50,51,27,27,27,27,43,1,5,29,25,1,48,49,50,51,28,28,28,28,43,16,17,41,40,1,48,49,50,51,29,29,29,29,43,9,10,34,33,1,48,49,50,51,30,30,30,30,43,19,1,25,43,1,48,49,50,51,31,31,31,31,43,5,4,28,29,1,48,49,50,51,32,32,32,32,43,17,13,37,41,1,48,49,50,51,33,33,33,33,43,10,11,35,34,1,48,49,50,51,34,34,34,34,43,4,3,27,28,1,48,49,50,51,35,35,35,35,43,13,18,42,37,1,48,49,50,51,36,36,36,36,43,11,7,31,35,1,48,49,50,51,37,37,37,37,43,3,2,26,27,1,48,49,50,51,38,38,38,38,43,18,20,44,42,1,48,49,50,51,39,39,39,39,43,7,12,36,31,1,48,49,50,51,40,40,40,40,43,2,0,24,26,1,48,49,50,51,41,41,41,41,43,20,21,45,44,1,48,49,50,51,42,42,42,42,43,12,14,38,36,1,48,49,50,51,43,43,43,43,43,0,6,30,24,1,48,49,50,51,44,44,44,44,43,21,22,46,45,1,48,49,50,51,45,45,45,45,43,14,15,39,38,1,48,49,50,51,46,46,46,46,43,6,8,32,30,1,48,49,50,51,47,47,47,47,43,22,23,47,46,1,48,49,50,51,48,48,48,48,43,15,16,40,39,1,48,49,50,51,49,49,49,49,43,8,9,33,32,1,48,49,50,51,50,50,50,50],
    "uvs":[[0.684867,0.794706,0.53558,0.791436,0.519394,0.788518,0.504792,0.780756,0.493204,0.768912,0.485764,0.754145,0.4832,0.737899,0.4832,0.595708,0.485787,0.579428,0.493295,0.564855,0.504988,0.553415,0.519723,0.546229,0.536056,0.543999,0.684733,0.547255,0.698905,0.54981,0.711691,0.556606,0.721837,0.566977,0.728352,0.579907,0.730596,0.594132,0.730596,0.749968,0.728358,0.764053,0.721863,0.776661,0.711746,0.786559,0.698998,0.792776,0.155118,0.346995,0.140919,0.344568,0.12811,0.33788,0.117945,0.327587,0.111418,0.314696,0.10917,0.300469,0.10917,0.143922,0.111425,0.12971,0.117971,0.116946,0.128166,0.106879,0.141012,0.100495,0.155252,0.0984184,0.30464,0.100296,0.321051,0.103102,0.335856,0.110831,0.347605,0.122728,0.355149,0.137628,0.357748,0.154072,0.357748,0.296912,0.355172,0.313143,0.347696,0.327721,0.336053,0.339218,0.321382,0.346509,0.305118,0.348881,0,0,1,0,1,1,0,1]]
}